Chodera Clone ID,Name,Date Added,Uniprot ID  (relevant-sequence),Mutant?,Organism,Gene size (bp),Vector (link),url to Vector Map,Empty Vector ID (if in Chodera Plasmid Library),Empty Vector Size (bp),Total Plasmid size (bp),Antibiotic Resistance,Fusion Protein,Purification Tag,Protease,Confirmed with sequencing,Sequencing files,Full Plasmid Files,Full Insert Sequence (nucleotide),Full Insert Sequence (amino acid),Concentration (ng/µL),Volume (µL),Source,Notes
1,pET His6 Gamma crystallin TEV LIC cloning vector,6/20/2016,NA,NA,NA,NA,pET,https://www.addgene.org/29661/,self,5895,5895,Kanamycin,N-Term Gamma Crystallin,N-term 6His,TEV,NO,,pet_his6_gammacrystallin_tev_lic.seq,NA,NA,,,Addgene,
2,pET His6 ProteinG TEV LIC cloning vector,6/20/2016,NA,NA,NA,NA,pET,https://www.addgene.org/29660/,self,5532,5532,Kanamycin,N-Term Protein G,N-term 6His,TEV,NO,,pet_his6_proteing_tev_lic.seq,NA,NA,,,Addgene,
3,pET His6 Sumo TEV LIC cloning vector,6/20/2016,NA,NA,NA,NA,pET,https://www.addgene.org/29659/,self,5661,5661,Kanamycin,N-Term SUMO,N-term 6His,TEV,NO,,pet_his6_sumo_tev_lic.seq,NA,NA,,,Addgene,
4,pET His6 Mocr TEV LIC cloning vector,6/20/2016,NA,NA,NA,NA,pET,https://www.addgene.org/29658/,self,5712,5712,Kanamycin,N-Term Mocr,N-term 6His,TEV,NO,,pet_his6_cterm_mocr_tev_lic.seq,NA,NA,,,Addgene,
5,pET His6 NusA TEV LIC cloning vector,6/20/2016,NA,NA,NA,NA,pET,https://www.addgene.org/29657,self,6846,6846,Kanamycin,N-Term NusA,N-term 6His,TEV,NO,,pet_his6_nusa_tev_lic.seq,NA,NA,,,Addgene,
6,pET His6 MBP TEV LIC cloning vector,6/20/2016,NA,NA,NA,NA,pET,www.addgene.org/29656,self,6465,6465,Kanamycin,N-Term MBP,N-term 6His,TEV,NO,,pet_his6_cterm_mbp_tev_lic.seq,NA,NA,,,Addgene,
7,pET His6 GST TEV LIC cloning vector,6/20/2016,NA,NA,NA,NA,pET,www.addgene.org/29655,self,6015,6015,Kanamycin,N-Term GST,N-term 6His,TEV,NO,,pet_his6_gst_tev_lic.seq,NA,NA,,,Addgene,
8,pET His6 MBP Asn10 TEV LIC cloning vector,6/20/2016,NA,NA,NA,NA,pET,www.addgene.org/29654,self,6507,6507,Kanamycin,"N-Term MBP, Asn10",N-term 6His,TEV,NO,,pet_his6_mbpasn10_tev_lic.seq,NA,NA,,,Addgene,
8,pET His6 TEV LIC cloning vector,6/20/2016,NA,NA,NA,NA,pET,www.addgene.org/29653,self,5343,5343,Kanamycin,NA,N-term 6His,TEV,NO,,pet_his6_tev_lic.seq,NA,NA,,,Addgene,
9,pET Trx His6 LIC cloning vector,6/20/2016,NA,NA,NA,NA,pET,https://www.addgene.org/37239/,self,5121,5121,Ampicillin,C-Term Trx,C-term 6His,TEV,NO,,pet_his6_cterm_trx_tev_lic.seq,NA,NA,,,Addgene,
10,pET mOCR His6 LIC cloning vector,6/20/2016,NA,NA,NA,NA,pET,https://www.addgene.org/37238/,self,5145,5145,Ampicillin,C-Term mOCR,C-term 6His,TEV,NO,,pet_his6_mocr_tev_lic.seq,NA,NA,,,Addgene,
11,pET MBP His6 LIC cloning vector,6/20/2016,NA,NA,NA,NA,pET,https://www.addgene.org/37237/,self,5895,5895,Ampicillin,C-Term MBP,C-term 6His,TEV,NO,,pet_his6_mbp_tev_lic.seq,NA,NA,,,Addgene,
12,pET His6 LIC cloning vector,6/20/2016,NA,NA,NA,NA,pET,https://www.addgene.org/37236/,self,4776,4776,Ampicillin,NA,C-term 6His,TEV,NO,,pet_his6_cterm_tev_lic.seq,NA,NA,,,Addgene,
13,YopH,7/26/2016,P15273 (164-468_),None,Yersinia enterocolitica,915,pET cotransformation vector,https://www.addgene.org/48323/,NA,3566,4481,Spectinomycin,NA,NA,NA,"YES, but not full coverage yet",,_13-SA_YOPH-164 .ape,NA,NA,270,,Macrolab - p235 #1,
14,Abl,7/26/2016,P00519 (229-515),D363N,Human,939,pET28a ,http://www.helmholtz-muenchen.de/fileadmin/PEPF/pET_vectors/pET-28a-c_map.pdf ,NA,5369,6308,Kanamycin,NA,N-term 6His,TEV,"YES, but not full coverage yet",p235 #2 sequenced w T7-Term_Repeat.ab1 and p235 #2 sequenced w T7.ab1,,,MGSSHHHHHHDYDIPTTENLYFQGHMSPNYDKWEMERTDITMKHKLGGGQYGEVYEGVWKKYSLTVAVKTLKEDTMEVEEFLKEAAVMKEIKHPNLVQLLGVCTREPPFYIITEFMTYGNLLDYLRECNRQEVNAVVLLYMATQISSAMEYLEKKNFIHRNLAARNCLVGENHLVKVADFGLSRLMTGDTYTAHAGAKFPIKWTAPESLAYNKFSIKSDVWAFGVLLWEIATYGMSPYPGIDLSQVYELLEKDYRMERPEGCPEKVYELMRACWQWNPSDRPSFAEIHQAFETMFQESSISDEVEKELGKQGV,102.9,,Macrolab - p235 #2,
15,Abl GK,7/26/2016,P00519 (229-515),D363N and T315I,Human,939,pET28a ,http://www.helmholtz-muenchen.de/fileadmin/PEPF/pET_vectors/pET-28a-c_map.pdf ,NA,5369,6308,Kanamycin,NA,N-term 6His,TEV,"YES, but not full coverage yet",,,,,80,,Macrolab - p235 #3,
16,Src,7/26/2016,P12931 (254-536_),None,Human,927,pET28a,http://www.helmholtz-muenchen.de/fileadmin/PEPF/pET_vectors/pET-28a-c_map.pdf ,NA,5369,6296,Kanamycin,NA,N-term 6His,TEV,"YES, but not full coverage yet",,,,,21.69,,Macrolab - p235 #4,
17,Src GK,7/26/2016,P12931 (254-536_),T341I,Human,927,pET28a ,http://www.helmholtz-muenchen.de/fileadmin/PEPF/pET_vectors/pET-28a-c_map.pdf ,NA,5369,6296,Kanamycin,NA,N-term 6His,TEV,"YES, but not full coverage yet",,,,,45,,Macrolab - p235 #5,
18,Lambda Phosphatase,7/26/2016,P03772 (_1-221_),None,Enterobacteria phage lambda (Bacteriophage lambda),663,pET cotransformation vector,https://www.addgene.org/48323/,NA,3566,4229,Spectinomycin,NA,NA,NA,YES,LambdaPhosph-T7.seq,_13-SA_LambdaPhosphatase.ape,ATGCGGTACTACGAAAAAATCGACGGTAGCAAATATCGCAATATCTGGGTTGTGGGCGACCTGCATGGCTGCTATACAAATCTGATGAACAAGCTTGACACTATCGGGTTCGATAATAAAAAAGACCTGCTGATCAGCGTGGGAGATCTGGTTGACCGTGGGGCTGAAAACGTTGAATGCCTGGAACTGATCACCTTCCCCTGGTTCCGCGCCGTGCGTGGCAACCATGAACAGATGATGATCGATGGACTGAGCGAACGCGGTAATGTGAACCATTGGCTGTTAAATGGAGGAGGCTGGTTTTTCAATCTGGACTACGACAAAGAGATCCTGGCCAAAGCCTTGGCACATAAAGCAGATGAGCTGCCTCTCATCATTGAACTGGTTAGTAAAGATAAAAAATATGTGATTTGCCACGCGGATTACCCTTTTGACGAGTATGAATTTGGAAAACCGGTGGATCATCAGCAGGTTATTTGGAACCGCGAGCGCATCTCTAATTCGCAGAATGGCATCGTGAAGGAAATTAAGGGCGCCGATACCTTCATCTTCGGTCATACGCCAGCAGTGAAACCCCTGAAGTTTGCGAACCAGATGTATATTGATACCGGCGCGGTTTTCTGCGGTAATTTGACGCTCATCCAGGTTCAGGGCGAAGGTGCC,MRYYEKIDGSKYRNIWVVGDLHGCYTNLMNKLDTIGFDNKKDLLISVGDLVDRGAENVECLELITFPWFRAVRGNHEQMMIDGLSERGNVNHWLLNGGGWFFNLDYDKEILAKALAHKADELPLIIELVSKDKKYVICHADYPFDEYEFGKPVDHQQVIWNRERISNSQNGIVKEIKGADTFIFGHTPAVKPLKFANQMYIDTGAVFCGNLTLIQVQGEGA,315,,Macrolab,
19,,,,,,,,,,,,,,,,,,,,,,,,
20,,,,,,,,,,,,,,,,,,,,,,,,
21,,,,,,,,,,,,,,,,,,,,,,,,
22,,,,,,,,,,,,,,,,,,,,,,,,
23,,,,,,,,,,,,,,,,,,,,,,,,
24,,,,,,,,,,,,,,,,,,,,,,,,
25,,,,,,,,,,,,,,,,,,,,,,,,
26,,,,,,,,,,,,,,,,,,,,,,,,